"geonames_kw","geonames_id","lc_kw","lc_id",,,,,
"Adampur",7646705,,,,,,,
"Ādilābād",1279344,"Adilabad (India)","n2007200836",,,,,
"Agar River",1279291,,,,,,,
"Agartala",1279290,"Agartala (India)","n81095633",,,,,
"Agatti Island",1279278,,,,,,,
"Agra",1279262,"Agra (India : District)","n79114634",,,,,
"Ahmadābād",1279234,"Ahmadābād (India : District)","n78019943",,,,,
"Ahu Nadī",1279215,,,,,,,
"Aizawl",7626588,,,,,,,
"Ajmer",1279160,"Ajmer (India)","n91054823",,,,,
"Aklera",1279115,,,,,,,
"Aklūj",1279113,,,,,,,
"Alībāg",1279027,"Alibag (India)","n89265169",,,,,
"Alīgarh",1279020,"Alīgarh (India : District)","n83156419",,,,,
"Allahābād",1278995,"Allahabad (India : District)","n85072194",,,,,
"Almora",1278975,"Almora (India : District)","n85081975",,,,,
"Alwar",1278947,"Alwar (India : District)","n83009287",,,,,
"Ambāla",1278861,"Ambāla (India : District)","n88080544",,,,,
"Ambattūr",1278840,,,,,,,
"Ambikā River",1278826,,,,,,,
"Amrāvati",1278719,"Amrāvati (India : District)","no2005000085",,,,,
"Amritsar",1278711,"Amritsar (India : District)","n83030714",,,,,
"Āmūr",1278697,,,,,,,
"Anand",7627221,"Anand (India : District)","n2008050108",,,,,
"Andaman",1278648,"Andaman Islands (India)","sh96007926",,,,,
"Andaman and Nicobar Islands",1278647,"Andaman and Nicobar Islands (India)","n81023398",,,,,
"Andhāri",1278638,,,,,,,
"Andhāri River",1278637,,,,,,,
"Andhra Pradesh",1278629,"Andhra Pradesh (India)","n79110399",,,,,
"Andrōth Island",1278616,,,,,,,
"Anjan Nadī",1278575,,,,,,,
"Anjuna",1278566,"Anjuna (India)","n88001410",,,,,
"Antāgarh",1278530,,,,,,,
"Ara",1278483,"Ara (India)","n88124350",,,,,
"Araku",1278470,"Araku (India)","n2009216218",,,,,
"Arāria",7626569,"Araria (India : District)","no2002074810",,,,,
"Arna River",1278381,,,,,,,
"Arpa River",1278360,,,,,,,
"Arunāchal Pradesh",1278341,"Arunāchal Pradesh (India)","n80067460",,,,,
"Asifābād",1278282,,,,,,,
"Asola Mendha Tank",1278265,,,,,,,
"Assam",1278253,"Assam (India)","n79090160",,,,,
"Ātmakūr",1278202,,,,,,,
"Attur",1278173,,,,,,,
"Aurangabad District",1278151,"Aurangābād (Maharashtra, India : District)","n84163901",,,,,
"Bāba Bakāla",1278077,,,,,,,
"Bābra",1278054,,,,,,,
"Bāda",7746355,,,,,,,
"Badarīnāth",1278010,"Badarīnāth (India)","n82151441",,,,,
"Badgom",1277997,,,,,,,
"Bagaha",1277940,"Bagaha (India : Division)","n89263784",,,,,
"Bāgh",1277905,"Bagh (India)","n93035901",,,,,
"Bāgūr",1277842,,,,,,,
"Bāhuda River",1277791,,,,,,,
"Bajaura",1277724,,,,,,,
"Bājengdoba",1277721,,,,,,,
"Bālāghāt",1277662,"Bālāghāt (India : District)","n83020430",,,,,
"Balarāmpur",1277634,,,,,,,
"Bāleshwar",1277600,"Balasore (India : District)","n88147464",,,,,
"Bāli",1277539,"Bally (India)","n84025845",,,,,
"Bāligurha",1277576,,,,,,,
"Bālkonda",1277560,"Balkonda (India)","n89280166",,,,,
"Bāmni Nadī",1277452,,,,,,,
"Banās River",1277414,,,,,,,
"Bāndi Nadī",1277360,,,,,,,
"Bangalore",1277333,"Bangalore (India) ","n79127101",,,,,
"Bānki",1277273,,,,,,,
"Bānkurā",1277265,"Bānkurā (India : District)","n82109041",,,,,
"Bānsgaon",1277235,,,,,,,
"Bānswāra",1277215,"Bānswāra (India : District)","n84018079",,,,,
"Barādi Māta Creek",1277140,,,,,,,
"Barāk River",1277099,,,,,,,
"Bāramūla",1277086,"Bāramūla (India : District)","n82166786",,,,,
"Barāra",6993128,,,,,,,
"Bareilly",1277014,"Bareilly (India : District)","n87853333",,,,,
"Barharwā",1276961,"Barharwa (India)","no2002076423",,,,,
"Barjala",1276938,,,,,,,
"Barki Nadī",1276920,,,,,,,
"Bārmer",1276902,"Bārmer (India : District)","n89291246",,,,,
"Bārna Nadi",8457418,,,,,,,
"Barsi",1441502,,,,,,,
"Bārvi",1276821,,,,,,,
"Bassi",1276744,,,,,,,
"Basta",1276742,,,,,,,
"Bastar",1276739,"Bastar (India : District)","n83313074",,,,,
"Baswa",1276724,,,,,,,
"Bavarwala Nār",1276671,,,,,,,
"Beās River",1276635,"Beās River (India)","sh94001828",,,,,
"Bedi Bundar Creek",1276626,,,,,,,
"Bedti River",1276622,,,,,,,
"Behari Khāl",1276603,,,,,,,
"Bellary",1276510,"Bellary (India : District)","n82027809",,,,,
"Belonia",1276502,,,,,,,
"Beohāri",1276455,,,,,,,
"Berach River",1276453,,,,,,,
"Berubāri",1276427,,,,,,,
"Bettiah",1276393,"Bettiah (India)","n89166220",,,,,
"Betūl",1276391,"Betūl (India : District)","n89105127",,,,,
"Betwa River",1276386,"Betwa River (India)","sh90000804",,,,,
"Bhādar River",1276360,,,,,,,
"Bhāgalpur",1276301,"Bhāgalpur (India : District)","n81108245",,,,,
"Bhāgīrathi River",1276294,,,,,,,
"Bhairamgarh",1276258,,,,,,,
"Bhākra Dam",1276238,,,,,,,
"Bhandāra",1276192,"Bhandāra (India : District)","n83020432",,,,,
"Bhandarel",1276188,,,,,,,
"Bhānupratāppur",1333553,,,,,,,
"Bhareli River",1276122,,,,,,,
"Bharūch",1276101,"Bharūch (India : District)","n83312388",,,,,
"Bhattu Khurd",1276053,,,,,,,
"Bhāvnagar",1276033,"Bhāvnagar (India : District)","n80160689",,,,,
"Bhayandar",1276014,,,,,,,
"Bhīlwāra",1275961,"Bhīlwāra (India : District)","n89284170",,,,,
"Bhiwandi",1275901,"Bhiwandi (India)","n85044956",,,,,
"Bhiwani",1275900,"Bhiwani (India : District)","n87914770",,,,,
"Bhogāva River",1275888,,,,,,,
"Bhojpur",8432808,"Bhojpur (Madhya Pradesh, India)","n89204440",,,,,
"Bhokar",1275864,,,,,,,
"Bhopāl",1275842,"Bhopal (India : District)","n89146080",,,,,
"Bhopālgarh",1276905,,,,,,,
"Bhubaneshwar",1275817,"Bhubaneswar (India)","n80025998",,,,,
"Bhugai River",1208797,,,,,,,
"Bhuj",1275812,"Bhuj (India)","n82251410",,,,,
"Bhūkhi-Bhādar River",1275806,,,,,,,
"Bhusāwal",1275778,,,,,,,
"Bideipur",1275734,,,,,,,
"Bihār",1275715,"Bihar (India)","n79077375",,,,,
"Bījāpur",1275700,,,,,,,
"Bīkāner",1275666,"Bīkāner (India : District)","n89250061",,,,,
"Bilāspur",1275639,,,,,,,
"Bīna",6990539,"Bina (India)","no2003014476",,,,,
"Binnāguri",1275549,,,,,,,
"Birmitrapur",1275506,,,,,,,
"Birpara",7284803,,,,,,,
"Bodalkasa Tank",1275397,,,,,,,
"Bodhan",1275391,,,,,,,
"Boglia River",1275381,,,,,,,
"Boinu River",1275371,,,,,,,
"Bokāro",7701427,"Bokaro (India : District)","n2009200258",,,,,
"Bomdila",1275334,"Bomdila (India)","n89273930",,,,,
"Bor River",1275231,,,,,,,
"Borāwar",1275302,,,,,,,
"Bori",1275270,,,,,,,
"Bori River",1275250,,,,,,,
"Both",1275216,,,,,,,
"Brāhmani River",1275204,"Brahmani River (Orissa, India)","sh89005278",,,,,
"Brahmapur",1275198,"Brahmapur (India)","n82162996",,,,,
"Brahmaputra River",1208092,"Brahmaputra River","sh85016307",,,,,
"Būndi",1275104,"Bundi (India : District)","no2004086752",,,,,
"Calangute",1273858,,,,,,,
"Cannanore",1274988,"Cannanore (India : District)","n82103542",,,,,
"Car Nicobar Island",1274969,"Car Nicobar Island (India)","sh96008264",,,,,
"Chakra Nadī",1274888,,,,,,,
"Chambal River",1274846,"Chambal River (India)","sh85022419",,,,,
"Chambla Nadī",1274845,,,,,,,
"Chandīgarh",1274744,"Chandīgarh (India : Union Territory)","n81109268",,,,,
"Chandni Chowk",6619404,"Chandni Chowk (Delhi, India)","no2004006256",,,,,
"Chāndpur Tank",1274712,,,,,,,
"Chandrabhāga River",1274710,,,,,,,
"Chandragiri River",1274704,,,,,,,
"Chārgaon",1274582,,,,,,,
"Chautang Nadī",1274473,,,,,,,
"Chavara",1274466,,,,,,,
"Chenāb River",1115005,"Chenāb River (India and Pakistan)","sh2002005758",,,,,
"Chennai",7646145,"Chennai (India : District)","n2012073877",,,,,
"Cheyyur",1274383,,,,,,,
"Chhāpi Nadī",1274355,,,,,,,
"Chhapra",1274353,,,,,,,
"Chhatar Nār",1430581,,,,,,,
"Chhatarpur",1274339,,,,,,,
"Chhattisgarh",1444364,"Chhattīsgarh (India)","n84025797",,,,,
"Chinnūr",1274142,,,,,,,
"Chitarpu",1274073,,,,,,,
"Chitrakot",1274054,,,,,,,
"Chittorgarh",1274041,"Chittaurgarh (India)","n82007235",,,,,
"Chittūr",1274032,"Chittur (India)","n88292165",,,,,
"Chorkhamāra Tank",1273974,,,,,,,
"Chūlband River",1273939,,,,,,,
"Chūru",1273894,"Churu (India)","n82143148",,,,,
"Coimbatore",1273866,"Coimbatore (India : District)","n82241163",,,,,
"Curtorim",1273783,,,,,,,
"Cuttack",1273781,"Cuttack (India : District)","n84025790",,,,,
"Dabhel",1273770,,,,,,,
"Dādra",1273727,,,,,,,
"Dādra and Nagar Haveli",1273726,"Dādra and Nagar Haveli (India)","n81033273",,,,,
"Dalhousie",1273648,"Dalhousie (India)","n79126622",,,,,
"Dam Dam",1272243,"Dum Dum (India)","no2002071243",,,,,
"Damān and Diu",1271155,"Daman and Diu (India)","n89102023",,,,,
"Dāmodar River",1273590,"Damodar River (India)","sh97006046",,,,,
"Darbhanga",1273492,"Darbhanga (India : District)","n88123873",,,,,
"Daria",1273477,,,,,,,
"Darjeeling",1273468,"Darjeeling (India : District)","n85044864",,,,,
"Dāspur",1273413,,,,,,,
"Debagrām",1273353,,,,,,,
"Dehār Nadī",1273323,,,,,,,
"Dehradun",1273313,"Dehra Dūn (India : District)","n82221738",,,,,
"Deoband",1273265,"Deoband (India)","n81110556",,,,,
"Deoghar",1273241,"Deoghar (India)","n82246450",,,,,
"Derā Nānak",1273173,,,,,,,
"Dewas",1273067,"Dewās (India : District)","n79120088",,,,,
"Dhalai",1273038,,,,,,,
"Dhāmnagar",1273017,,,,,,,
"Dhāna Jogi",7018874,,,,,,,
"Dhanbād",1272980,"Dhānbād (India : District)","n83167710",,,,,
"Dhansiri River",1272915,,,,,,,
"Dhanwār",1272902,,,,,,,
"Dharmanagar",1272852,,,,,,,
"Dharwad",1272797,"Dhārwār (India : District)","n81124988",,,,,
"Dhaulīganga River",1252648,,,,,,,
"Dhaulpur",1272805,,,,,,,
"Dhebar Lake",1272792,,,,,,,
"Dhone",1272722,,,,,,,
"Dhulkot",1272687,,,,,,,
"Dibāng River",1272652,,,,,,,
"Dibrugarh",1272649,"Dibrugarh (India : District)","n83060442",,,,,
"Dichpalli",1272645,,,,,,,
"Diglipur",1272607,"Diglipur (India)","n2006215488",,,,,
"Dihāng River",1272582,,,,,,,
"Dikhu River",1272571,,,,,,,
"Diphu",1272525,"Diphu (India)","n89284303",,,,,
"Dīsa",1272513,"Dīsa (India)","n86053318",,,,,
"Doda",1272476,"Doda District (India)","n81009045",,,,,
"Domchānch",1272421,,,,,,,
"Duimukh",1272273,,,,,,,
"Durg",1272181,"Durg (India)","n85019859",,,,,
"Dwārka",1272140,"Dwārka (India)","n81131909",,,,,
"Earth",6295630,"Earth (Planet)","sh85040427",,,,,
"East Siang",1272115,"East Siang District (India)","n83161364",,,,,
"Erāi River",1272028,,,,,,,
"Eraniel",1272023,,,,,,,
"Ernākulam",1272019,"Ernakulam (India : District)","n81002600",,,,,
"Eru Nadī",1272000,,,,,,,
"Etāwah",1271989,"Etāwah (India : District)","no2005017034",,,,,
"Farīdābād",1271951,"Farīdābād (India)","n80141038",,,,,
"Fateh Sagar Lake",6955275,,,,,,,
"Fatehgarh",1271924,"Fatehgarh (India)","n79048363",,,,,
"Fatehpura",1271904,,,,,,,
"Firozabad",7874389,"Firozabad (India)","n88176800",,,,,
"Gāga",6417379,,,,,,,
"Gahmar",1271809,,,,,,,
"Gambhir River",1271751,"Gambhir River (India)","sh89006018",,,,,
"Gandaki River",1271732,"Gandak River (Nepal and India)","sh00000319",,,,,
"Gāndhi Sāgar",1271713,,,,,,,
"Gāndhīdhām",1271717,,,,,,,
"Gandhinagar",1271716,"Gāndhīnagar (India : District)","n2012201973",,,,,
"Ganespur",1348903,,,,,,,
"Gang Canal Feeder",1271659,,,,,,,
"Ganges River",1202950,"Ganges River (India and Bangladesh)","sh85053016",,,,,
"Gangotri",1271641,"Gangotri (India)","n82049690",,,,,
"Gangtok",1271631,"Gangtok (India)","n83023945",,,,,
"Garaimāri",8439917,,,,,,,
"Garga",1366181,,,,,,,
"Gaur Nadī",1271452,,,,,,,
"Ghaghar Reservoir",1271402,,,,,,,
"Ghāziābād",1271310,"Ghaziabad (India : District)","n97922485",,,,,
"Gilgit River",1178335,"Karambar River (Pakistan)","sh2012001447",,,,,
"Girnā River",1271166,,,,,,,
"Goa",1271157,"Goa (India : State)","n89102022",,,,,
"Godāvari River",1271115,"Godāvari River (India)","sh85055590",,,,,
"Godhra",7627227,"Godhra (India)","no2002060796",,,,,
"Golaghat",7627079,"Golāghāt (India : District)","n2010208245",,,,,
"Goma River",1271009,,,,,,,
"Gomati",1271007,,,,,,,
"Gopad",1270971,,,,,,,
"Gopālganj",1270967,,,,,,,
"Gorakhpur",1270930,"Gorakhpur (India : District)","n83206269",,,,,
"Goregaon",1270913,,,,,,,
"Gorīganga River",1270905,"Gorīganga River (India)","sh2001004170",,,,,
"Gujarāt",1270770,"Gujarat (India)","n81063244",,,,,
"Gulf of Mexico",3523271,"Mexico, Gulf of","sh85084621",,,,,
"Gulmarg",1270473,"Gulmarg (India)","no2013119485",,,,,
"Guntūr",1270669,"Guntūr (India : District)","n83014088",,,,,
"Gurdaspur",1270647,"Gurdaspur (India)","n2013013635",,,,,
"Guru Har Sahāi",1270612,,,,,,,
"Gutur River",1270590,,,,,,,
"Guwāhāti",1271476,"Gauhati (India)","n50051193",,,,,
"Gwalior",1270585,"Gwalior (India : District)","n81136401",,,,,
"Haldwani",1270498,"Haldwani (India)","no99057481",,,,,
"Hānsi",1270417,"Hansi (India)","no2003015137",,,,,
"Hāora",1270397,"Howrah (India : District)","n82028978",,,,,
"Hāpur",1270393,"Hapur (India)","n89261217",,,,,
"Haridwar",1270351,"Haridwār (India)","n88080888",,,,,
"Haryana",1270260,"Haryana (India)","n80090473",,,,,
"Hasdo River",1270246,,,,,,,
"Hatni River",1270195,,,,,,,
"Haveli",1430013,,,,,,,
"Hazārībāg",1270165,"Hazārībāg (India : District)","n83030711",,,,,
"Hemāvati River",1270141,,,,,,,
"Himachal Pradesh",1270101,"Himachal Pradesh (India)","n50055502",,,,,
"Hisar",1270023,"Hisar (India : District)","n87914772",,,,,
"Hivra",1270018,,,,,,,
"Hivra River",1270017,,,,,,,
"Hoshangābād",1269940,"Hoshangābād (India)","n79109658",,,,,
"Hosūr ",1269934,"Hosur (India)","n89255864",,,,,
"Hubli",1269920,"Hubli (India) ","n84217064",,,,,
"Hugli",1269911,"Hugli (India : District)","n84053130",,,,,
"Hunsūr",1269873,"Hunsur (India : Taluk)","n89235920",,,,,
"Hyderābād",1269844,"Hyderabad (India : District)","n88123323",,,,,
"Ichchāpuram",1269827,,,,,,,
"Imphal",1269771,"Imphāl (India : District)","n2002125999",,,,,
"Imphāl Turel",1269770,,,,,,,
"India",1269750,"India","n80125948",,,,,
"Indira Point",1259116,,,,,,,
"Indore",1269744,"Indore (India : District)","n89284547",,,,,
"Indrāvati River",1269733,,,,,,,
"Indus River",1115007,"Indus River","sh85065819",,,,,
"Itānagar",1269655,"Itanagar (India)","n89262055",,,,,
"Itawa",1271988,"Etāwah (India : District)","no2005017034",,,,,
"Jabalpur",1269634,"Jabalpur (India : District)","n88199874",,,,,
"Jagādhri ",1269605,,,,,,,
"Jagtial",1269562,,,,,,,
"Jaipur",1269519,"Jaipur (India : District)","n2013018731",,,,,
"Jaisalmer",1269508,"Jaisalmer (India : District)","n89223480",,,,,
"Jakhan",1440741,,,,,,,
"Jālgaon",1269411,"Jālgaon (India : District)","n81108259",,,,,
"Jalpāiguri",1269389,"Jalpaiguri (India : District)","n82103522",,,,,
"Jāmbuda",1269358,,,,,,,
"Jammu",1269322,"Jammu (India : District)","n88123005",,,,,
"Jammu and Kashmīr",1269320,"Jammu and Kashmir (India)","n79142931",,,,,
"Jāmnagar",1269318,"Jāmnagar (India : District)","n2012201972",,,,,
"Jāmner",1269315,,,,,,,
"Jāmod",1269308,"Jāmod (India)","n79082932",,,,,
"Jamshedpur",1269300,"Jamshedpur (India)","n50077850",,,,,
"Jamuna Nadī",1269287,,,,,,,
"Jamuniya",7005264,,,,,,,
"Jangpura",7732335,,,,,,,
"Jāt",1269155,,,,,,,
"Jaula",1269140,,,,,,,
"Jawai River",1269122,,,,,,," "
"Jhānsi",1269006,"Jhansi (India : District)","n85072144",,,,,
"Jharkhand",1444365,"Jharkhand (India)","n2001020816",,,,,
"Jhelum River",1114957,"Jhelum River (India and Pakistan)","sh2002006260",,,,,
"Jhunjhunūn",1268937,"Jhunjhunūn (India : District)","n89253500",,,,,
"Jīran",1268893,,,,,,,
"Jiri River",1268886,,,,,,,
"Jodhpur",1268867,"Jodhpur (India : District)","n84039716",,,,,
"Jorhat",7627081,"Jorhāt (India : District)","n2009074590",,,,,
"Jorhāt",7627081,"Jorhāt (India : District)","n2009074590",,,,,
"Jowai",1268810,,,,,,,
"Jūnāgadh",1268774,"Jūnāgadh (India : District)","n89199656",,,,,
"Kachchh",1268731,"Kachchh (India)","n84018121",,,,,
"Kachchh",1268731,"Kachchh (India)","n84018121",,,,,
"Kadaba",1268710,,,,,,,
"Kadmat Island",1268668,"Kadmat Island (India)","sh2010015536",,,,,
"Kakching",1268567,"Kakching (India)","n81000983",,,,,
"Kalang River",1268471,,,,,,,
"Kalghatgi",1268434,,,,,,,
"Kāli Nadi",1268400,,,,,,,
"Kāli River",1257201,"Kali River (India and Nepal)","sh88001062",,,,,
"Kāli Sindh River",1268387,,,,,,,
"Kalinga",1268395,,,,,,,
"Kallūr",1268352,,,,,,,
"Kālubhār River",1268313,,,,,,,
"Kalyani",1268293,"Kalyāṇī (India)","n89204461",,,,,
"Kalyanpur",1268287,"Kalyanpur Block (India)","n81067716",,,,,
"Kāmvādi",1268201,,,,,,,
"Kānchī Nadī",1268160,,,,,,,
"Kāngra",1268085,"Kāngra (India : District)","n82090471",,,,,
"Kanhān River",1268073,,,,,,,
"Kānki",1268026,,,,,,,
"Kanniyakumari",1268009,"Kanniyākumāri (India : District)","n81029759",,,,,
"Kannur District",1274988,"Cannanore (India : District)","n82103542",,,,,
"Kānpur",1267997,,,,,,,
"Kapūrthala",1267912,"Kapūrthala (India : District)","n81067771",,,,,
"Kāraikāl",1267888,"Karaikal (India : District)","n2008207094",,,,,
"Kargil",1267776,"Kargil (India)","n78030890",,,,,
"Karma",1267718,,,,,,,
"Karnātaka",1267701,"Karnataka (India)","n79125091",,,,,
"Kāro River",1267688,,,,,,,
"Karol Bāgh",1267696,,,,,,,
"Kasauli",1267605,"Kasauli (India)","nb2009031773",,,,,
"Kashipur",1267579,"Kashipur (India)","no2004079494",,,,,
"Kathāni Nadī",1267510,,,,,,,
"Kāveri River",1267384,"Cauvery River (India)","Cauvery River (India)",,,,,
"Kedārnāth",1267345,"Kedāranātha (India)","n88124052",,,,,
"Kerala",1267254,"Kerala (India)","n79055067",,,,,
"Khali Kachigam",1267116,,,,,,,
"Khān",7746169,,,,,,,
"Khānāpur",1267060,,,,,,,
"Khandāri",6992356,,,,,,,
"Khankai River",1266897,,,,,,,
"Khāra",1266986,,,,,,,
"Kharal",1266964,,,,,,,
"Khārda",1267167,,,,,,,
"Khardi Nadī",1266942,,,,,,,
"Khāri River",6417358,,,,,,,
"Kharki",1266890,,,,,,,
"Khārod Nadi",1266881,,,,,,,
"Khārowāla Rann",7746170,,,,,,,
"Khatauli",1266849,,,,,,,
"Khejroli",1266797,,,,,,,
"Kherva",1266749,,,,,,,
"Khilchipur",1266731,,,,,,,
"Khonsa",1266668,"Khonsa (India)","n2006206274",,,,,
"Khowai",1266649,,,,,,,
"Khujji",1266633,,,,,,,
"Kochi",1273874,"Cochin (India) ","n80152910",,,,,
"Kodoli",1266390,,,,,,,
"Kohima",1266367,,,,,,,
"Kolāb River",1266323,,,,,,,
"Kolār Nadī",1266299,,,,,,,
"Kolār River",1266298,,,,,,,
"Kolasib",1266258,,,,,,,
"Kolkata",1275004,"Kolkata (India)","n2012073732",,,,,
"Kollam",1259091,"Quilon (India)","n80150293",,,,,
"Konār Nadī",1266219,,,,,,,
"Konta",1266167,,,,,,,
"Korba",1266122,"Korba (India)","n89287247",,,,,
"Kotdwāra",1266014,,,,,,,
"Kothāri River",1265988,,,,,,,
"Krishnapur",1348742,,,,,,,
"Krishnāwati Nadī",1265850,,,,,,,
"Krishni Nadi",1267673,,,,,,,
"Kūl Nadī",1265717,,,,,,,
"Kumbalangy",7731699,,,,,,,
"Kunwāri River",1265565,,,,,,,
"Kupwāra ",6268046,,,,,,,
"Kurnool Cuddapah Canal",1265490,,,,,,,
"Kushinagar",7626229,"Kushinagar (India : District)","n2010214745",,,,,
"Laksar",1265208,,,,,,,
"Lakshadweep",1265206,"Lakshadweep (India)","n80123357",,,,,
"Lālgola",1265166,,,,,,,
"Langāi River",1265103,,,,,,,
"Lanjigarh",1265083,,,,,,,
"Lawngtlai",1264986,,,,,,,
"Leh",7909879,"Leh (India : District)","n2012218730",,,,,
"Lenteng",1264958,,,,,,,
"Līlri River",1264918,,,,,,,
"Logtāk Lake",1264851,"Loktak Lake (India)","sh2006006636",,,,,
"Lohit River",1264817,,,,,,,
"Lower Subansiri",1264739,,,,,,,
"Lucknow",1264733,"Lucknow (India)","n81059800",,,,,
"Ludhiāna",1264729,"Ludhiana (India : District)","n83131584",,,,,
"Lūni",1264673,,,,,,,
"Lūni River",1264670,,,,,,,
"Lūnkaransar",1264688,,,,,,,
"Machchhu River",1264649,"Machchhu River (India)","sh2011000351",,,,,
"Madded",1264600,,,,,,,
"Madgaon",1264588,"Madgaon (India)","n82036184",,,,,
"Madhubani",1264556,"Madhubani (India : District)","n89114248",,,,,
"Madhupur",1264551,"Madhupur (India)","n85044957",,,,,
"Madhya Pradesh",1264542,"Madhya Pradesh (India)","n79130768",,,,,
"Madurai",1264522,"Madurai (India : District)","n82272158",,,,,
"Madurai",1264522,"Madurai (India : District)","n82272158",,,,,
"Mahānadī Main Canal",1264448,,,,,,,
"Mahānadī River",1264446,,,,,,,
"Mahānadī River",1264446,"Mahanadi River (India)","sh92002076",,,,,
"Mahānanda River",1264443,,,,,,,
"Mahārāshtra",1264418,"Maharashtra (India)","n50000932",,,,,
"Mahesāna",1264390,"Mehsana (India : District)","no2003104094",,,,,
"Māhi Nāla",1351258,,,,,,,
"Mahi River",1264371,,,,,,,
"Māīthan",1264276,,,,,,,
"Mājuli",1264231,"Mājulī (India)","n81071713",,,,,
"Mālād",1264179,,,,,,,
"Māldah",1264122,"Māldah District (India)","n82259497",,,,,
"Malebennūr",1264120,,,,,,,
"Malur",1264010,,,,,,,
"Mamit",7909838,,,,,,,
"Mān River",1263624,,,,,,,
"Manāli",1263967,"Manāli (India)","n84152445",,,,,
"Mandakini",1263922,,,,,,,
"Māndal",1263917,,,,,,,
"Mandavi River",1263885,,,,,,,
"Mandrem",1263840,,,,,,,
"Mangalore",1263780,"Mangalore (India)","n82150505",,,,,
"Mani Mājra",1263714,,,,,,,
"Manipala",1263707,"Manipala (India)","n79048381",,,,,
"Manipur",1263706,"Manipur (India)","n79060976",,,,,
"Mānjra River",1263682,,,,,,,
"Manohar Sāgar",6990927,,,,,,,
"Manoharpur",1263651,,,,,,,
"Manori Creek",1263643,,,,,,,
"Manu",1263607,,,,,,,
"Mao Songsang",1263584,,,,,,,
"Marigaon",7302854,,,,,,,
"Markacho",1263510,,,,,,,
"Mārkanda River",1263508,,,,,,,
"Mārkāpur",1263504,,,,,,,
"Marmagao",1263494,"Marmagao (India)","n84206147",,,,,
"Mashāt",1263424,,,,,,,
"Maski",1263415,,,,,,,
"Mathura",1263366,,,,,,,
"Mayūreswar",1263244,,,,,,,
"Mechi River",1263233,"Mechi River (Nepal and India)","sh2004003301",,,,,
"Meerut",1263215,"Meerut (India : District)","n82145620",,,,,
"Megal River",1263212,,,,,,,
"Meghālaya",1263207,"Meghalaya (India)","n80144997",,,,,
"Melli Bāzār",1263161,,,,,,,
"Mendha Nadī",1263141,,,,,,,
"Mengpui Lui",1263135,,,,,,,
"Merāpāni",1263126,,,,,,,
"Metpalle",7302835,,,,,,,
"Mithri",1262977,,,,,,,
"Mithri Nadi",1262979,,,,,,,
"Mizoram",1262963,"Mizoram (India)","n81033457",,,,,
"Moga",8407028,"Moga (India : District)","no2003104540",,,,,
"Mohanā",1262925,,,,,,,
"Mohari",1262901,,,,,,,
"Mohol",1262878,,,,,,,
"Moj River",1262861,,,,,,,
"Mona River",1262821,,,,,,,
"Mopādu",1262810,,,,,,,
"Mora",1348646,,,,,,,
"Morādābād",1262802,"Moradabad (India : District)","n86122026",,,,,
"Morān Sāgar",1262786,,,,,,,
"Morār Nadī",1262782,,,,,,,
"Morbi",1262775,"Morvi (India)","n2011002017",,,,,
"Motīhāri",1262710,,,,,,,
"Mudigandi Eru",1262659,,,,,,,
"Muhari River",1194038,,,,,,,
"Mūlki River",1262545,,,,,,,
"Mumbai",1275339,"Mumbai (India)","n2012073713",,,,,
"Mussoorie",1262374,"Mussoorie (India)","n85805295",,,,,
"Muzaffarnagar",1262333,"Muzaffarnagar (India : District)","n81098283",,,,,
"Muzaffarpur",1262331,"Muzaffarpur (India : District)","n88030955",,,,,
"Mylliem",1262326,"Mylliem (India : State)","n81006349",,,,,
"Mysore",1262322,"Mysore (India : District)","n79143751",,,,,
"Nadiād",1262292,"Nadiad (India)","n88176374",,,,,
"Nāgāland",1262271,"Nāgāland (India)","n79127113",,,,,
"Nāgamangala",1262266,"Nagamangala (India)","n88184490",,,,,
"Nagāon",8431383,"Nagaon (India)","n2006171376",,,,,
"Nāgpur",1262182,"Nāgpur (India : District)","n88124225",,,,,
"Naharlagun",7302855,"Naharlagun (India)","n2012063899",,,,,
"Naini Tāl",1262117,"Naini Tal (India)","n81074445",,,,,
"Nālanda",1262081,"Nalanda (India : District)","n85385806",,,,,
"Nalgonda District",1262068,"Nalgonda (India : District)","n82090475",,,,,
"Nalhāti",1262065,"Nalhāti (India)","no2001102489",,,,,
"Nancowry Island",1261993,,,,,,,
"Nandigāma",1261960,,,,,,,
"Nandikotkūr",1261957,,,,,,,
"Nāngal Dam",1261921,,,,,,,
"Napāsar",1261882,,,,,,,
"Nārāyanpur",1261816,,,,,,,
"Narmada",1261774,"Narmada River (India)","sh85089828",,,,,
"Naroli",1261767,,,,,,,
"Nashik Division",8131501,,,,,,,
"Nāsik",1261732,"Nāsik (India : District)","n88238727",,,,,
"National Capital Territory of Delhi",1273293,"Delhi (India : Union Territory)","n50061139",,,,,
"Navsāri",1261653,"Navsāri (India)","n89287968",,,,,
"Nayar River",1261572,,,,,,,
"Nedungādu",1261551,,,,,,,
"Nermand",1261503,,,,,,,
"Netrāvati River",1261492,,,,,,,
"Newaj River",1261484,,,,,,,
"Nicobar",1261448,"Nicobar Islands (India)","sh96008891",,,,,
"Nilambūr",1261398,"Nilambur Taluk (India)","n2006171404",,,,,
"Nīlgiri",1261402,"Nīlgiri (India : District)","n83014081",,,,,
"Nīm Nadī",1261338,,,,,,,
"Nimbāj",1261378,"Nimaj (India)","n89202720",,,,,
"Nirmal",1261288,,,,,,,
"Nīsang",1261279,,,,,,,
"Noida",7279746,"Noida (India)","n99024441",,,,,
"Nongbah",1261213,,,,,,,
"Norang",1261200,,,,,,,
"North America",6255149,"North America","sh85092455",,,,,
"North Koel River",1261182,,,,,,,
"North Lakhimpur",1261181,,,,,,,
"Nuvem",1261111,,,,,,,
"Orissa",1261029,"Orissa (India)","n79071202",,,,,
"Pahalgām",1260880,"Pahlgām (India)","n81094925",,,,,
"Pahumāra Nadī",1260858,,,,,,,
"Pāi",1260856,,,,,,,
"Palmaner",1260674,,,,,,,
"Pāmbā Ār",1260632,,,,,,,
"Pāmban Island",1260626,,,,,,,
"Pan Nār",1440463,,,,,,,
"Panaji",1260607,"Panaji (India)","n81118501",,,,,
"Panam River",1260604,,,,,,,
"Paneli Tank",8433350,,,,,,,
"Pānīpat",1260476,"Pānīpat (India)","n85027097",,,,,
"Pāonta Sāhib",1260421,,,,,,,
"Pār River",1260264,,,,,,,
"Pāradgaon",1260395,,,,,,,
"Pārbatī River",1260347,,,,,,,
"Parsa",1260262,,,,,,,
"Parwar",6991353,,,,,,,
"Pashchim Champāran",1260208,,,,,,,
"Pathankot",8408318,"Pathānkot (India)","n2010208624",,,,,
"Patiala",1260108,"Patiāla (India)","n88147583",,,,,
"Patna",1260091,"Patna (India : District)","n83074424",,,,,
"Payaswani River",1259997,,,,,,,
"Pedda Cheruvu",1445547,,,,,,,
"Pedda Gedda",8439975,,,,,,,
"Penner River",1259912,,,,,,,
"Periyār River",1259873,,,,,,,
"Phāileng",1259823,,,,,,,
"Phek",1259785,"Phek (India)","n2012218605",,,,,
"Phulka River",1259740,,,,,,,
"Pidugurālla",1259704,,,,,,,
"Pihra",1259699,,,,,,,
"Pimpalgaon",1259665,,,,,,,
"Pimpri-Chinchwad",7626690,,,,,,,
"Ponda",1259429,"Ponda (India)","no93018697",,,,,
"Pondicherry",1259424,"Pondicherry (India : Union Territory)","n79095642",,,,,
"Ponnāni",1259411,,,,,,,
"Porbandar",1259395,"Porbandar (India)","n82123486",,,,,
"Port Blair",1259385,"Port Blair (India)","n82028960",,,,,
"Prānhita River",1259342,"Prānhita River (India)","sh85106093",,,,,
"Pulivendla",1259264,,,,,,,
"Puna River",1259241,,,,,,,
"Pūnch",1167718,"Pūnch (India : District)","n84025785",,,,,
"Pune",1259230,"Pune (India : District)","n85155103",,,,,
"Punjab",1259223,"Punjab (India)","n50000530",,,,,
"Pūrna River",1259172,,,,,,,
"Pūrna River",1259172,,,,,,,
"Qādiān",1259110,"Qādiān (India)","n2005038964",,,,,
"Raia",1259017,,,,,,,
"Raigarh",1259006,"Raigarh (India : District)","n85044847",,,,,
"Raipur Reservoir",8432790,,,,,,,
"Rāj Samand",1258798,,,,,,,
"Rājampet",1258922,,,,,,,
"Rajasmand",7701213,"Rājsamand (India : District)","n2002125994",,,,,
"Rājasthān",1258899,"Rajasthan (India)","n79061911",,,,,
"Rājaund",1258893,,,,,,,
"Rājkot",1258849,"Rajkot (India : District)","n80107696",,,,,
"Rāmganga Nadi",6994903,,,,,,,
"Rāmgarh",1258677,,,,,,,
"Rāmpur",1258622,"Rāmpur (Uttar Pradesh, India : District)","n89249798",,,,,
"Rāmrama Tola",1258574,,,,,,,
"Rāna Pratāp Sāgar",1258540,,,,,,,
"Rana Pratap Sagar Dam",1258539,,,,,,,
"Rangeet River",6941841,,,,,,,
"Rānīkhet",1258455,"Rānīkhet (India)","n84195943",,,,,
"Rānīpur",1258449,"Ranipur (India)",,,,,,
"Rann of Kutch",1265425,"Little Rann of Kachchh (India)","sh2012002000",,,,,
"Ratnagiri District",1258340,"Ratnāgiri (India : District)","n83150618",,,,,
"Rātu",1258323,,,,,,,
"Ravi River",1253917,"Ravi River (India and Pakistan)","sh87002222",,,,,
"Rehar River",1258151,,,,,,,
"Reotīpur",1258202,,,,,,,
"Rewāri",1258178,"Rewāri (India)","n2009004858",,,,,
"Rhenack",1258174,,,,,,,
"Rihand River",1258151,,,,,,,
"Rishīkesh",1258128,"Rishīkesh (India)","n84112059",,,,,
"Rishīkesh",1258128,,,,,,,
"Rohtak",1258077,"Rohtak (India : District)","n85160323",,,,,
"Rongram",1258050,,,,,,,
"Rukmāwati River",1257990,,,,,,,
"Rūpangarh",1257952,,,,,,,
"Sābarmatī",1257921,"Sabarmati (India)","n81082599",,,,,
"Sābarmatī River",1257920,"Sābarmatī River (India)","sh85116174",,,,,
"Sagi Nadī",1257827,,,,,,,
"Sagileru River",1257828,,,,,,,
"Sahāranpur",1257807,"Sahāranpur (India : District)","n81074452",,,,,
"Saharsa",1257805,,,,,,,
"Sāhibi River",1257791,,,,,,,
"Sai River",1257740,,,,,,,
"Sāili",1257763,,,,,,,
"Sākra",8442889,,,,,,,
"Salem",1257630,"Salem (India : District)","n82272161",,,,,
"Saligao",1257611,"Saligão (India)","no2003072731",,,,,
"Sālwan",1257583,,,,,,,
"Sāmba",1257545,,,,,,,
"Sambalpur",1257541,"Sambalpur (India)","n89145093",,,,,
"Sāmbhar Salt Lake",1257538,,,,,,,
"Sāngli",1257417,"Sāngli (India : District)","n85107301",,,,,
"Sangrūr",1257403,"Sangrūr (India)","n84065654",,,,,
"Sankh River",1257365,,,,,,,
"Santa Cruz",1257344,"Santa Cruz (Goa, India)","n89100195",,,,,
"Sapāi Nadī",1257299,,,,,,,
"Saralbhānga River",1257252,,,,,,,
"Saram",8446651,,,,,,,
"Sāran",1257248,"Saran (India)","n79105943",,,,,
"Saraswati River",1257222,"Saraswati River (India)","sh2004006015",,,,,
"Sāsoi River",1257075,,,,,,,
"Sāu River",1256975,,,,,,,
"Shājāpur",1256694,"Shajapur (India : District)","n89287461",,,,,
"Shangpung",1256652,,,,,,,
"Sharāvati River",1256634,,,,,,,
"Shella",8430980,"Shella (India)","no2002066313",,,,,
"Sher Nadī",1256567,,,,,,,
"Sherpur",7003611,,,,,,,
"Shetrunji River",1256555,,,,,,,
"Shevgaon",1256547,,,,,,,
"Shillong",1256523,"Shillong (India)","n81003906",,,,,
"Shimla",1256238,"Simla (India : District)","n89262616",,,,,
"Shirdi",1256489,"Shirdi (India)","n81010832",,,,,
"Shyok River",1256406,,,,,,,
"Sibsāgar",1256389,"Sibsāgar (India : District)","n85370258",,,,,
"Sihphir",8433057,,,,,,,
"Sīkar",1256321,"Sīkar (India : District)","n85107080",,,,,
"Sike River",1256316,,,,,,,
"Sikkim",1256312,"Sikkim (India)","n80038365",,,,,
"Sili",1256279,,,,,,,
"Silvāni",1256260,,,,,,,
"Singwada River",1256170,,,,,,,
"Sīp Nadi",1256108,,,,,,,
"Siroda",1256069,,,,,,,
"Sirohi",1256068,"Sirohi (India : District)","n84018080",,,,,
"Sirpur",1256063,,,,,,,
"Sītāmarhi",1255984,"Sitamarhi District (India)","n83060548",,,,,
"Sītānadī River",1255979,,,,,,,
"Siwān",1255930,"Siwan (India : District)","no2001009997",,,,,
"Sīwan",1255926,,,,,,,
"Siwāna",1255925,,,,,,,
"Solan",1255851,"Solan (India : District)","n85161932",,,,,
"Solāni River",1255849,,,,,,,
"Solāpur",1255847,"Sholāpur (India : District)","n82000514",,,,,
"Somesar Nadī",1255824,,,,,,,
"Sompeta",1255816,,,,,,,
"Son",1255809,,,,,,,
"Son River",1255729,"Son River (India)","sh85124811",,,,,
"Sonāi",1255802,,,,,,,
"Sonār River",1255782,"Sonar River (India)","sh85124815",,,,,
"Sonāwāri",1430686,,,,,,,
"Sone Nadī",1462665,,,,,,,
"Sonīpat",1255745,"Sonīpat (India)","n81085968",,,,,
"Subansirī River",1255591,,,,,,,
"Sukal",1255553,,,,,,,
"Sukh Rao",1441028,,,,,,,
"Sukha",7004657,,,,,,,
"Sukma",1255531,,,,,,,
"Sukri Nadī",1255524,,,,,,,
"Sukri River",1255521,,,,,,,
"Sukta River",1255519,,,,,,,
"Sultānpur",1255489,"Sultānpur (India : District)","n80075286",,,,,
"Sunāri",1255444,,,,,,,
"Sundardhunga River",1255439,,,,,,,
"Supaul",7626567,,,,,,,
"Sūrat",1255365,"Sūrat (India : District)","n81071711",,,,,
"Surendranagar",1255350,"Surendranagar (India : District)","n80143567",,,,,
"Surma River",1255332,,,,,,,
"Surya River",1255305,,,,,,,
"Sutlej River",1115006,"Sutlej River","sh85130912",,,,,
"Sutnga",1255291,,,,,,,
"Tādong",1255255,,,,,,,
"Talma Lungpa",1440367,,,,,,,
"Tamār",1255070,,,,,,,
"Tāmbraparni River",1255058,,,,,,,
"Tamenglong",1255056,,,,,,,
"Tamil Nādu",1255053,"Tamil Nadu (India)","n80061081",,,,,
"Tānūr",1254952,"Tānūr (India)","n78092669",,,,,
"Tāpi",1254944,,,,,,,
"Tārānagar",1254908,,,,,,,
"Tawā River",1254829,,,,,,,
"Tekanpur",1254798,,,,,,,
"Tezpur",1254710,"Tezpur (India)","n89110553",,,,,
"Tezu",1254709,,,,,,,
"Thāne",1254662,"Thāne (India : District)","n85045214",,,,,
"Thānga",1254656,,,,,,,
"Thiruvananthapuram",7909823,"Trivandrum (India : District)","n82103543",,,,,
"Thiruvarur",7646980,,,,,,,
"Tigharā Reservoir",1254542,,,,,,,
"Tinsukia",7627085,,,,,,,
"Tirāp River",1254416,,,,,,,
"Tiruchirappalli",1254388,,,,,,,
"Tirūr ",1254346,,,,,,,
"Tirūrangādi",1254345,,,,,,,
"Tisa Jo",1254316,,,,,,,
"Tizu River",1306003,,,,,,,
"Tondāpur",1254251,,,,,,,
"Tons Nadi",1440994,,,,,,,
"Tripura",1254169,"Tripura (India)","n80161616",,,,,
"Tuichang River",1254127,,,,,,,
"Tuisen",1254119,,,,,,,
"Tuivai",1254118,,,,,,,
"Udai Kalān Sāgar",1253991,,,,,,,
"Udaipur",1253989,"Udaipur (India : District)","n85156501",,,,,
"Ujjain",1253915,"Ujjain (India : District)","n81030113",,,,,
"Ukhrul",1253904,"Ukhrul (India : District)","n2005207713",,,,,
"Ulhās River",1253893,,,,,,,
"Ūmrār Nāla",7005143,,,,,,,
"United States",6252001,"United States","n78095330",,,,,
"Uppala River",1253724,,,,,,,
"Upper Bāri Doāb Canal",1253722,,,,,,,
"Upper Subansiri",1253720,"Upper Subansiri (India)","n2012218616",,,,,
"Upputeru River",1253709,,,,,,,
"Usgao",1253672,,,,,,,
"Usri Nadī",1253664,,,,,,,
"Utangan River",1253653,"Gambhir River (India)","sh89006018",,,,,
"Uttar Pradesh",1253626,"Uttar Pradesh (India)","n80125998",,,,,
"Uttarakhand",1444366,"Uttarakhand (India)","n2010001342",,,,,
"Vadodara",1253574,"Vadodara (India : District)","n82047072",,,,,
"Vaigai River",1253547,,,,,,,
"Vaippār River",1253540,,,,,,,
"Vaitarna River",1253531,,,,,,,
"Valpoy",1253471,,,,,,,
"Vamsadhāra River",1253458,"Vamsadhara River (India)","sh2012002791",,,,,
"Vārāhi Vārāhi Vārāhi ",1253411,,,,,,,
"Vārānasi",1253407,"Vārānasi (Uttar Pradesh, India : District)","n82017475",,,,,
"Varangaon",1253403,,,,,,,
"Varoli River",1253387,,,,,,,
"Vāsco Da Gāma",1253367,,,,,,,
"Vāshishti River",1253364,,,,,,,
"Vātrak River",1253353,,,,,,,
"Vellore",7646146,"Vellore (India : District)","no2002095688",,,,,
"Vena River",1253264,,,,,,,
"Venkatāpur",1253249,,,,,,,
"Verāval",1253237,"Veraval (India)","n2008206476",,,,,
"Vijayawāda",1253184,"Vijayawāda (India)","n81089485",,,,,
"Villanur",1253169,,,,,,,
"Vishākhapatnam",1253103,"Vishākhapatnam (India : District)","n85155188",,,,,
"Vuyyūru",1253077,,,,,,,
"Wābāgai",1253071,,,,,,,
"Wandūr",1252968,"Wandoor (India)","n89234298",,,,,
"Warangal",1252949,"Warangal (India : District)","n85014568",,,,,
"Wardha River",1252938,,,,,,,
"West Allahābād Branch",7003767,,,,,,,
"West Bengal",1252881,"West Bengal (India)","n81063203",,,,,
"West Siang",1252865,"West Siang District (India)","n83161362",,,,,
"Yagachi River",1252816,,,,,,,
"Yamuna",1252798,"Yamuna River (India)","sh87001822",,,,,
"Zunheboto",1252654,,,,,,,
